<?xml version="1.0"?>
<doc>
    <assembly>
        <name>DynamicDataDisplay.Controls</name>
    </assembly>
    <members>
        <member name="T:D3PaletteControl.PaletteControl">
            <summary>
            Control to display palette as an image and axis with ticks.
            </summary>
            <summary>
            PaletteControl
            </summary>
        </member>
        <member name="M:D3PaletteControl.PaletteControl.#ctor">
            <summary>
            Initializes a new instance of the <see cref="T:D3PaletteControl.PaletteControl"/> class.
            </summary>
        </member>
        <member name="M:D3PaletteControl.PaletteControl.InitializeComponent">
            <summary>
            InitializeComponent
            </summary>
        </member>
        <member name="P:D3PaletteControl.PaletteControl.Palette">
            <summary>
            Gets or sets the palette.
            </summary>
            <value>The palette.</value>
        </member>
        <member name="P:D3PaletteControl.PaletteControl.Range">
            <summary>
            Gets or sets the range of axis values.
            </summary>
            <value>The range.</value>
        </member>
        <member name="T:Microsoft.Research.DynamicDataDisplay.Controls.Properties.Resources">
            <summary>
              A strongly-typed resource class, for looking up localized strings, etc.
            </summary>
        </member>
        <member name="P:Microsoft.Research.DynamicDataDisplay.Controls.Properties.Resources.ResourceManager">
            <summary>
              Returns the cached ResourceManager instance used by this class.
            </summary>
        </member>
        <member name="P:Microsoft.Research.DynamicDataDisplay.Controls.Properties.Resources.Culture">
            <summary>
              Overrides the current thread's CurrentUICulture property for all
              resource lookups using this strongly typed resource class.
            </summary>
        </member>
        <member name="T:XamlGeneratedNamespace.GeneratedInternalTypeHelper">
            <summary>
            GeneratedInternalTypeHelper
            </summary>
        </member>
        <member name="M:XamlGeneratedNamespace.GeneratedInternalTypeHelper.CreateInstance(System.Type,System.Globalization.CultureInfo)">
            <summary>
            CreateInstance
            </summary>
        </member>
        <member name="M:XamlGeneratedNamespace.GeneratedInternalTypeHelper.GetPropertyValue(System.Reflection.PropertyInfo,System.Object,System.Globalization.CultureInfo)">
            <summary>
            GetPropertyValue
            </summary>
        </member>
        <member name="M:XamlGeneratedNamespace.GeneratedInternalTypeHelper.SetPropertyValue(System.Reflection.PropertyInfo,System.Object,System.Object,System.Globalization.CultureInfo)">
            <summary>
            SetPropertyValue
            </summary>
        </member>
        <member name="M:XamlGeneratedNamespace.GeneratedInternalTypeHelper.CreateDelegate(System.Type,System.Object,System.String)">
            <summary>
            CreateDelegate
            </summary>
        </member>
        <member name="M:XamlGeneratedNamespace.GeneratedInternalTypeHelper.AddEventHandler(System.Reflection.EventInfo,System.Object,System.Delegate)">
            <summary>
            AddEventHandler
            </summary>
        </member>
    </members>
</doc>
